<?xml version="1.0" encoding="UTF-8"?>
<beans xmlns="http://www.springframework.org/schema/beans"
	xmlns:xsi="http://www.w3.org/2001/XMLSchema-instance" xmlns:context="http://www.springframework.org/schema/context"
	xmlns:mvc="http://www.springframework.org/schema/mvc"
	xsi:schemaLocation="http://www.springframework.org/schema/mvc http://www.springframework.org/schema/mvc/spring-mvc.xsd
		http://www.springframework.org/schema/beans http://www.springframework.org/schema/beans/spring-beans.xsd
		http://www.springframework.org/schema/context http://www.springframework.org/schema/context/spring-context.xsd">
     <!-- 开启注解驱动 -->
    <mvc:annotation-driven/>
	<!-- 自动扫描且只扫描@Controller -->
	<context:component-scan base-package="com.ys.*.web"
		use-default-filters="false">
		<context:include-filter type="annotation"
			expression="org.springframework.stereotype.Controller" />
	</context:component-scan>
	<!-- end -->
	<!-- 启动SpringMVC的注解功能，完成请求和注解POJO的映射 --> 
	<bean class="org.springframework.web.servlet.mvc.annotation.AnnotationMethodHandlerAdapter">
        <property name="messageConverters">
            <list>
                <ref bean="stringHttpMessageConverter" />
                <ref bean="jsonHttpMessageConverter" />
				<!-- <ref bean="marshallingHttpMessageConverter" /> -->
            </list>
        </property>
    </bean>
    
    <bean id="stringHttpMessageConverter" class="org.springframework.http.converter.StringHttpMessageConverter" >
    	<property name = "supportedMediaTypes">    
                     <list>
                         <value>text/plain;charset=UTF-8</value>    
                     </list>
                </property>  
    </bean> 
    
    <bean id="jsonHttpMessageConverter"  
        class="org.springframework.http.converter.json.MappingJackson2HttpMessageConverter">  
        <property name="supportedMediaTypes">  
            <list>  
                <value>application/json</value>  
            </list>  
        </property>  
    </bean>
    <!-- end -->
 
	<mvc:default-servlet-handler />
	
	<!-- 定义首页 -->
	<mvc:view-controller path="/" view-name="redirect:/index" />
	
<bean name="beetlConfig"
  class="org.beetl.ext.spring.BeetlGroupUtilConfiguration" init-method="init">
         <property name="root" value="/" /> 
</bean>
  
<!-- Beetl视图解析器 -->  
<bean name="beetlViewResolver" class="org.beetl.ext.spring.BeetlSpringViewResolver">  
    <!-- 多视图解析器，需要设置viewNames和order -->  
    <property name="order" value="0"/>  
    <property name="suffix" value=".html"/>
	<property name="contentType" value="text/html;charset=UTF-8"/>
	<property name="config" ref="beetlConfig"/>
</bean>  

 	<bean
		class="org.springframework.web.servlet.view.InternalResourceViewResolver">
		<property name="order" value="16"/>  
		<property name="viewClass"
			value="org.springframework.web.servlet.view.JstlView" />
		<property name="prefix" value="/WEB-INF/views/" />
		<property name="suffix" value=".jsp"></property>
	</bean>
	 
	
	<!-- SpringMVC上传文件配置MultipartResolver处理器  begin-->  
    <bean id="multipartResolver" class="org.springframework.web.multipart.commons.CommonsMultipartResolver">  
        <property name="defaultEncoding" value="utf-8"></property>   
        <property name="maxUploadSize" value="10485760000"></property>  
        <property name="maxInMemorySize" value="40960"></property>  
    </bean>  
    
    <!-- SpringMVC在超出上传文件限制时抛出异常-->  
    <bean id="exceptionResolver" class="org.springframework.web.servlet.handler.SimpleMappingExceptionResolver">  
        <property name="exceptionMappings">  
            <props>  
                <!-- 遇到MaxUploadSizeExceededException异常时，自动跳转到index.jsp页面 -->  
                <prop key="org.springframework.web.multipart.MaxUploadSizeExceededException">index</prop>  
            </props>  
        </property>  
    </bean>
	<!-- end -->
  
    
    <!-- i18n start -->
	<bean id="messageSource"
		class="org.springframework.context.support.ReloadableResourceBundleMessageSource">
		<property name="basename" value="classpath:i18n/messages" />
		<property name="defaultEncoding" value="UTF-8"></property>
	</bean>
	<mvc:interceptors>
	    <bean class="org.springframework.web.servlet.i18n.LocaleChangeInterceptor">
	        <property name="paramName" value="locale" />
	    </bean>
	</mvc:interceptors>
	<bean id="localeResolver" class="org.springframework.web.servlet.i18n.SessionLocaleResolver">
	    <property name="defaultLocale" value="zh_CN" />
	</bean>
	<!-- i18n end -->
</beans>