<?xml version="1.0" encoding="UTF-8"?>
<!DOCTYPE mapper PUBLIC "-//mybatis.org//DTD Mapper 3.0//EN" "http://mybatis.org/dtd/mybatis-3-mapper.dtd">
<mapper namespace="com.ys.dao.C39netDiseaseBaseurlMapper">
  <resultMap id="BaseResultMap" type="com.ys.model.C39netDiseaseBaseurl">
    <!--
      WARNING - @mbg.generated
      This element is automatically generated by MyBatis Generator, do not modify.
      This element was generated on Wed Feb 15 23:19:30 CST 2017.
    -->
    <id column="daima_" jdbcType="VARCHAR" property="daima" />
    <id column="type_" jdbcType="VARCHAR" property="type" />
    <result column="url_" jdbcType="VARCHAR" property="url" />
    <result column="crawer_time_" jdbcType="TIMESTAMP" property="crawerTime" />
  </resultMap>
  <sql id="Example_Where_Clause">
    <!--
      WARNING - @mbg.generated
      This element is automatically generated by MyBatis Generator, do not modify.
      This element was generated on Wed Feb 15 23:19:30 CST 2017.
    -->
    <where>
      <foreach collection="oredCriteria" item="criteria" separator="or">
        <if test="criteria.valid">
          <trim prefix="(" prefixOverrides="and" suffix=")">
            <foreach collection="criteria.criteria" item="criterion">
              <choose>
                <when test="criterion.noValue">
                  and ${criterion.condition}
                </when>
                <when test="criterion.singleValue">
                  and ${criterion.condition} #{criterion.value}
                </when>
                <when test="criterion.betweenValue">
                  and ${criterion.condition} #{criterion.value} and #{criterion.secondValue}
                </when>
                <when test="criterion.listValue">
                  and ${criterion.condition}
                  <foreach close=")" collection="criterion.value" item="listItem" open="(" separator=",">
                    #{listItem}
                  </foreach>
                </when>
              </choose>
            </foreach>
          </trim>
        </if>
      </foreach>
    </where>
  </sql>
  <sql id="Update_By_Example_Where_Clause">
    <!--
      WARNING - @mbg.generated
      This element is automatically generated by MyBatis Generator, do not modify.
      This element was generated on Wed Feb 15 23:19:30 CST 2017.
    -->
    <where>
      <foreach collection="example.oredCriteria" item="criteria" separator="or">
        <if test="criteria.valid">
          <trim prefix="(" prefixOverrides="and" suffix=")">
            <foreach collection="criteria.criteria" item="criterion">
              <choose>
                <when test="criterion.noValue">
                  and ${criterion.condition}
                </when>
                <when test="criterion.singleValue">
                  and ${criterion.condition} #{criterion.value}
                </when>
                <when test="criterion.betweenValue">
                  and ${criterion.condition} #{criterion.value} and #{criterion.secondValue}
                </when>
                <when test="criterion.listValue">
                  and ${criterion.condition}
                  <foreach close=")" collection="criterion.value" item="listItem" open="(" separator=",">
                    #{listItem}
                  </foreach>
                </when>
              </choose>
            </foreach>
          </trim>
        </if>
      </foreach>
    </where>
  </sql>
  <sql id="Base_Column_List">
    <!--
      WARNING - @mbg.generated
      This element is automatically generated by MyBatis Generator, do not modify.
      This element was generated on Wed Feb 15 23:19:30 CST 2017.
    -->
    daima_, type_, url_, crawer_time_
  </sql>
  <select id="selectByExample" parameterType="com.ys.model.C39netDiseaseBaseurlExample" resultMap="BaseResultMap">
    <!--
      WARNING - @mbg.generated
      This element is automatically generated by MyBatis Generator, do not modify.
      This element was generated on Wed Feb 15 23:19:30 CST 2017.
    -->
    select
    <if test="distinct">
      distinct
    </if>
    <include refid="Base_Column_List" />
    from c39net_disease_baseurl
    <if test="_parameter != null">
      <include refid="Example_Where_Clause" />
    </if>
    <if test="orderByClause != null">
      order by ${orderByClause}
    </if>
  </select>
  <select id="selectByPrimaryKey" parameterType="map" resultMap="BaseResultMap">
    <!--
      WARNING - @mbg.generated
      This element is automatically generated by MyBatis Generator, do not modify.
      This element was generated on Wed Feb 15 23:19:30 CST 2017.
    -->
    select 
    <include refid="Base_Column_List" />
    from c39net_disease_baseurl
    where daima_ = #{daima,jdbcType=VARCHAR}
      and type_ = #{type,jdbcType=VARCHAR}
  </select>
  <delete id="deleteByPrimaryKey" parameterType="map">
    <!--
      WARNING - @mbg.generated
      This element is automatically generated by MyBatis Generator, do not modify.
      This element was generated on Wed Feb 15 23:19:30 CST 2017.
    -->
    delete from c39net_disease_baseurl
    where daima_ = #{daima,jdbcType=VARCHAR}
      and type_ = #{type,jdbcType=VARCHAR}
  </delete>
  <delete id="deleteByExample" parameterType="com.ys.model.C39netDiseaseBaseurlExample">
    <!--
      WARNING - @mbg.generated
      This element is automatically generated by MyBatis Generator, do not modify.
      This element was generated on Wed Feb 15 23:19:30 CST 2017.
    -->
    delete from c39net_disease_baseurl
    <if test="_parameter != null">
      <include refid="Example_Where_Clause" />
    </if>
  </delete>
  <insert id="insert" parameterType="com.ys.model.C39netDiseaseBaseurl">
    <!--
      WARNING - @mbg.generated
      This element is automatically generated by MyBatis Generator, do not modify.
      This element was generated on Wed Feb 15 23:19:30 CST 2017.
    -->
    insert into c39net_disease_baseurl (daima_, type_, url_, 
      crawer_time_)
    values (#{daima,jdbcType=VARCHAR}, #{type,jdbcType=VARCHAR}, #{url,jdbcType=VARCHAR}, 
      #{crawerTime,jdbcType=TIMESTAMP})
  </insert>
  <insert id="insertBatch" useGeneratedKeys="true" parameterType="java.util.List">
  insert into c39net_disease_baseurl (daima_, type_, url_, crawer_time_) values
  <foreach collection="list" item="item" index="index" separator=",">
  (#{item.daima,jdbcType=VARCHAR}, #{item.type,jdbcType=VARCHAR}, #{item.url,jdbcType=VARCHAR}, #{item.crawerTime,jdbcType=TIMESTAMP})
  </foreach>
  </insert>
  <insert id="insertSelective" parameterType="com.ys.model.C39netDiseaseBaseurl">
    <!--
      WARNING - @mbg.generated
      This element is automatically generated by MyBatis Generator, do not modify.
      This element was generated on Wed Feb 15 23:19:30 CST 2017.
    -->
    insert into c39net_disease_baseurl
    <trim prefix="(" suffix=")" suffixOverrides=",">
      <if test="daima != null">
        daima_,
      </if>
      <if test="type != null">
        type_,
      </if>
      <if test="url != null">
        url_,
      </if>
      <if test="crawerTime != null">
        crawer_time_,
      </if>
    </trim>
    <trim prefix="values (" suffix=")" suffixOverrides=",">
      <if test="daima != null">
        #{daima,jdbcType=VARCHAR},
      </if>
      <if test="type != null">
        #{type,jdbcType=VARCHAR},
      </if>
      <if test="url != null">
        #{url,jdbcType=VARCHAR},
      </if>
      <if test="crawerTime != null">
        #{crawerTime,jdbcType=TIMESTAMP},
      </if>
    </trim>
  </insert>
  <select id="countByExample" parameterType="com.ys.model.C39netDiseaseBaseurlExample" resultType="java.lang.Long">
    <!--
      WARNING - @mbg.generated
      This element is automatically generated by MyBatis Generator, do not modify.
      This element was generated on Wed Feb 15 23:19:30 CST 2017.
    -->
    select count(*) from c39net_disease_baseurl
    <if test="_parameter != null">
      <include refid="Example_Where_Clause" />
    </if>
  </select>
  <update id="updateByExampleSelective" parameterType="map">
    <!--
      WARNING - @mbg.generated
      This element is automatically generated by MyBatis Generator, do not modify.
      This element was generated on Wed Feb 15 23:19:30 CST 2017.
    -->
    update c39net_disease_baseurl
    <set>
      <if test="record.daima != null">
        daima_ = #{record.daima,jdbcType=VARCHAR},
      </if>
      <if test="record.type != null">
        type_ = #{record.type,jdbcType=VARCHAR},
      </if>
      <if test="record.url != null">
        url_ = #{record.url,jdbcType=VARCHAR},
      </if>
      <if test="record.crawerTime != null">
        crawer_time_ = #{record.crawerTime,jdbcType=TIMESTAMP},
      </if>
    </set>
    <if test="_parameter != null">
      <include refid="Update_By_Example_Where_Clause" />
    </if>
  </update>
  <update id="updateByExample" parameterType="map">
    <!--
      WARNING - @mbg.generated
      This element is automatically generated by MyBatis Generator, do not modify.
      This element was generated on Wed Feb 15 23:19:30 CST 2017.
    -->
    update c39net_disease_baseurl
    set daima_ = #{record.daima,jdbcType=VARCHAR},
      type_ = #{record.type,jdbcType=VARCHAR},
      url_ = #{record.url,jdbcType=VARCHAR},
      crawer_time_ = #{record.crawerTime,jdbcType=TIMESTAMP}
    <if test="_parameter != null">
      <include refid="Update_By_Example_Where_Clause" />
    </if>
  </update>
  <update id="updateByPrimaryKeySelective" parameterType="com.ys.model.C39netDiseaseBaseurl">
    <!--
      WARNING - @mbg.generated
      This element is automatically generated by MyBatis Generator, do not modify.
      This element was generated on Wed Feb 15 23:19:30 CST 2017.
    -->
    update c39net_disease_baseurl
    <set>
      <if test="url != null">
        url_ = #{url,jdbcType=VARCHAR},
      </if>
      <if test="crawerTime != null">
        crawer_time_ = #{crawerTime,jdbcType=TIMESTAMP},
      </if>
    </set>
    where daima_ = #{daima,jdbcType=VARCHAR}
      and type_ = #{type,jdbcType=VARCHAR}
  </update>
  <update id="updateByPrimaryKey" parameterType="com.ys.model.C39netDiseaseBaseurl">
    <!--
      WARNING - @mbg.generated
      This element is automatically generated by MyBatis Generator, do not modify.
      This element was generated on Wed Feb 15 23:19:30 CST 2017.
    -->
    update c39net_disease_baseurl
    set url_ = #{url,jdbcType=VARCHAR},
      crawer_time_ = #{crawerTime,jdbcType=TIMESTAMP}
    where daima_ = #{daima,jdbcType=VARCHAR}
      and type_ = #{type,jdbcType=VARCHAR}
  </update>
</mapper>