<?xml version="1.0" encoding="UTF-8"?>
<!DOCTYPE mapper PUBLIC "-//mybatis.org//DTD Mapper 3.0//EN" "http://mybatis.org/dtd/mybatis-3-mapper.dtd">
<mapper namespace="com.ys.dao.JbInfoMapper">
  <resultMap id="BaseResultMap" type="com.ys.model.JbInfo">
    <!--
      WARNING - @mbg.generated
      This element is automatically generated by MyBatis Generator, do not modify.
      This element was generated on Sun Feb 12 11:14:31 CST 2017.
    -->
    <id column="id_" jdbcType="BIGINT" property="id" />
    <result column="mingcheng_" jdbcType="VARCHAR" property="mingcheng" />
    <result column="daima_" jdbcType="VARCHAR" property="daima" />
    <result column="jianjie_" jdbcType="VARCHAR" property="jianjie" />
    <result column="yibao_" jdbcType="SMALLINT" property="yibao" />
    <result column="bieming_" jdbcType="VARCHAR" property="bieming" />
    <result column="buwei_" jdbcType="VARCHAR" property="buwei" />
    <result column="fabingbuwei_" jdbcType="VARCHAR" property="fabingbuwei" />
    <result column="chuanranxing_" jdbcType="SMALLINT" property="chuanranxing" />
    <result column="duofarenqun_" jdbcType="VARCHAR" property="duofarenqun" />
    <result column="xiangguanzhengzhuang_" jdbcType="VARCHAR" property="xiangguanzhengzhuang" />
    <result column="bingfajibing_" jdbcType="VARCHAR" property="bingfajibing" />
    <result column="jiuzhenkeshi_" jdbcType="VARCHAR" property="jiuzhenkeshi" />
    <result column="zhiliaofeiyong_" jdbcType="VARCHAR" property="zhiliaofeiyong" />
    <result column="zhiyulv_" jdbcType="VARCHAR" property="zhiyulv" />
    <result column="zhiliaozhouqi_" jdbcType="VARCHAR" property="zhiliaozhouqi" />
    <result column="zhiliaofangfa_" jdbcType="VARCHAR" property="zhiliaofangfa" />
    <result column="xiangguanjiancha_" jdbcType="VARCHAR" property="xiangguanjiancha" />
    <result column="xiangguanshoushu_" jdbcType="VARCHAR" property="xiangguanshoushu" />
    <result column="changyongyaopin_" jdbcType="VARCHAR" property="changyongyaopin" />
    <result column="zuijiajiuzhen_" jdbcType="VARCHAR" property="zuijiajiuzhen" />
    <result column="jiuzhenshichang_" jdbcType="VARCHAR" property="jiuzhenshichang" />
    <result column="zhenliaozhouqi_" jdbcType="VARCHAR" property="zhenliaozhouqi" />
    <result column="zhenqianzhunbei_" jdbcType="VARCHAR" property="zhenqianzhunbei" />
  </resultMap>
  <resultMap extends="BaseResultMap" id="ResultMapWithBLOBs" type="com.ys.model.JbInfo">
    <!--
      WARNING - @mbg.generated
      This element is automatically generated by MyBatis Generator, do not modify.
      This element was generated on Sun Feb 12 11:14:31 CST 2017.
    -->
    <result column="zhengzhuang_" jdbcType="LONGVARCHAR" property="zhengzhuang" />
    <result column="fabingyuanyin_" jdbcType="LONGVARCHAR" property="fabingyuanyin" />
    <result column="yufang_" jdbcType="LONGVARCHAR" property="yufang" />
    <result column="linchuangjiancha_" jdbcType="LONGVARCHAR" property="linchuangjiancha" />
    <result column="jianbie_" jdbcType="LONGVARCHAR" property="jianbie" />
    <result column="zhiliao_" jdbcType="LONGVARCHAR" property="zhiliao" />
    <result column="huli_" jdbcType="LONGVARCHAR" property="huli" />
    <result column="yishibaojian_" jdbcType="LONGVARCHAR" property="yishibaojian" />
    <result column="bingfazheng_" jdbcType="LONGVARCHAR" property="bingfazheng" />
  </resultMap>
  <sql id="Example_Where_Clause">
    <!--
      WARNING - @mbg.generated
      This element is automatically generated by MyBatis Generator, do not modify.
      This element was generated on Sun Feb 12 11:14:31 CST 2017.
    -->
    <where>
      <foreach collection="oredCriteria" item="criteria" separator="or">
        <if test="criteria.valid">
          <trim prefix="(" prefixOverrides="and" suffix=")">
            <foreach collection="criteria.criteria" item="criterion">
              <choose>
                <when test="criterion.noValue">
                  and ${criterion.condition}
                </when>
                <when test="criterion.singleValue">
                  and ${criterion.condition} #{criterion.value}
                </when>
                <when test="criterion.betweenValue">
                  and ${criterion.condition} #{criterion.value} and #{criterion.secondValue}
                </when>
                <when test="criterion.listValue">
                  and ${criterion.condition}
                  <foreach close=")" collection="criterion.value" item="listItem" open="(" separator=",">
                    #{listItem}
                  </foreach>
                </when>
              </choose>
            </foreach>
          </trim>
        </if>
      </foreach>
    </where>
  </sql>
  <sql id="Update_By_Example_Where_Clause">
    <!--
      WARNING - @mbg.generated
      This element is automatically generated by MyBatis Generator, do not modify.
      This element was generated on Sun Feb 12 11:14:31 CST 2017.
    -->
    <where>
      <foreach collection="example.oredCriteria" item="criteria" separator="or">
        <if test="criteria.valid">
          <trim prefix="(" prefixOverrides="and" suffix=")">
            <foreach collection="criteria.criteria" item="criterion">
              <choose>
                <when test="criterion.noValue">
                  and ${criterion.condition}
                </when>
                <when test="criterion.singleValue">
                  and ${criterion.condition} #{criterion.value}
                </when>
                <when test="criterion.betweenValue">
                  and ${criterion.condition} #{criterion.value} and #{criterion.secondValue}
                </when>
                <when test="criterion.listValue">
                  and ${criterion.condition}
                  <foreach close=")" collection="criterion.value" item="listItem" open="(" separator=",">
                    #{listItem}
                  </foreach>
                </when>
              </choose>
            </foreach>
          </trim>
        </if>
      </foreach>
    </where>
  </sql>
  <sql id="Base_Column_List">
    <!--
      WARNING - @mbg.generated
      This element is automatically generated by MyBatis Generator, do not modify.
      This element was generated on Sun Feb 12 11:14:31 CST 2017.
    -->
    id_, mingcheng_, daima_, jianjie_, yibao_, bieming_, buwei_, fabingbuwei_, chuanranxing_, 
    duofarenqun_, xiangguanzhengzhuang_, bingfajibing_, jiuzhenkeshi_, zhiliaofeiyong_, 
    zhiyulv_, zhiliaozhouqi_, zhiliaofangfa_, xiangguanjiancha_, xiangguanshoushu_, changyongyaopin_, 
    zuijiajiuzhen_, jiuzhenshichang_, zhenliaozhouqi_, zhenqianzhunbei_
  </sql>
  <sql id="Blob_Column_List">
    <!--
      WARNING - @mbg.generated
      This element is automatically generated by MyBatis Generator, do not modify.
      This element was generated on Sun Feb 12 11:14:31 CST 2017.
    -->
    zhengzhuang_, fabingyuanyin_, yufang_, linchuangjiancha_, jianbie_, zhiliao_, huli_, 
    yishibaojian_, bingfazheng_
  </sql>
  <select id="selectByExampleWithBLOBs" parameterType="com.ys.model.JbInfoExample" resultMap="ResultMapWithBLOBs">
    <!--
      WARNING - @mbg.generated
      This element is automatically generated by MyBatis Generator, do not modify.
      This element was generated on Sun Feb 12 11:14:31 CST 2017.
    -->
    select
    <if test="distinct">
      distinct
    </if>
    <include refid="Base_Column_List" />
    ,
    <include refid="Blob_Column_List" />
    from jb_info
    <if test="_parameter != null">
      <include refid="Example_Where_Clause" />
    </if>
    <if test="orderByClause != null">
      order by ${orderByClause}
    </if>
  </select>
  <select id="selectByExample" parameterType="com.ys.model.JbInfoExample" resultMap="BaseResultMap">
    <!--
      WARNING - @mbg.generated
      This element is automatically generated by MyBatis Generator, do not modify.
      This element was generated on Sun Feb 12 11:14:31 CST 2017.
    -->
    select
    <if test="distinct">
      distinct
    </if>
    <include refid="Base_Column_List" />
    from jb_info
    <if test="_parameter != null">
      <include refid="Example_Where_Clause" />
    </if>
    <if test="orderByClause != null">
      order by ${orderByClause}
    </if>
  </select>
  <select id="selectByPrimaryKey" parameterType="java.lang.Long" resultMap="ResultMapWithBLOBs">
    <!--
      WARNING - @mbg.generated
      This element is automatically generated by MyBatis Generator, do not modify.
      This element was generated on Sun Feb 12 11:14:31 CST 2017.
    -->
    select 
    <include refid="Base_Column_List" />
    ,
    <include refid="Blob_Column_List" />
    from jb_info
    where id_ = #{id,jdbcType=BIGINT}
  </select>
  <delete id="deleteByPrimaryKey" parameterType="java.lang.Long">
    <!--
      WARNING - @mbg.generated
      This element is automatically generated by MyBatis Generator, do not modify.
      This element was generated on Sun Feb 12 11:14:31 CST 2017.
    -->
    delete from jb_info
    where id_ = #{id,jdbcType=BIGINT}
  </delete>
  <delete id="deleteByExample" parameterType="com.ys.model.JbInfoExample">
    <!--
      WARNING - @mbg.generated
      This element is automatically generated by MyBatis Generator, do not modify.
      This element was generated on Sun Feb 12 11:14:31 CST 2017.
    -->
    delete from jb_info
    <if test="_parameter != null">
      <include refid="Example_Where_Clause" />
    </if>
  </delete>
  <insert id="insert" keyColumn="id_" keyProperty="id" parameterType="com.ys.model.JbInfo" useGeneratedKeys="true">
    <!--
      WARNING - @mbg.generated
      This element is automatically generated by MyBatis Generator, do not modify.
      This element was generated on Sun Feb 12 11:14:31 CST 2017.
    -->
    insert into jb_info (mingcheng_, daima_, jianjie_, 
      yibao_, bieming_, buwei_, 
      fabingbuwei_, chuanranxing_, duofarenqun_, 
      xiangguanzhengzhuang_, bingfajibing_, jiuzhenkeshi_, 
      zhiliaofeiyong_, zhiyulv_, zhiliaozhouqi_, 
      zhiliaofangfa_, xiangguanjiancha_, xiangguanshoushu_, 
      changyongyaopin_, zuijiajiuzhen_, jiuzhenshichang_, 
      zhenliaozhouqi_, zhenqianzhunbei_, zhengzhuang_, 
      fabingyuanyin_, yufang_, linchuangjiancha_, 
      jianbie_, zhiliao_, huli_, 
      yishibaojian_, bingfazheng_)
    values (#{mingcheng,jdbcType=VARCHAR}, #{daima,jdbcType=VARCHAR}, #{jianjie,jdbcType=VARCHAR}, 
      #{yibao,jdbcType=SMALLINT}, #{bieming,jdbcType=VARCHAR}, #{buwei,jdbcType=VARCHAR}, 
      #{fabingbuwei,jdbcType=VARCHAR}, #{chuanranxing,jdbcType=SMALLINT}, #{duofarenqun,jdbcType=VARCHAR}, 
      #{xiangguanzhengzhuang,jdbcType=VARCHAR}, #{bingfajibing,jdbcType=VARCHAR}, #{jiuzhenkeshi,jdbcType=VARCHAR}, 
      #{zhiliaofeiyong,jdbcType=VARCHAR}, #{zhiyulv,jdbcType=VARCHAR}, #{zhiliaozhouqi,jdbcType=VARCHAR}, 
      #{zhiliaofangfa,jdbcType=VARCHAR}, #{xiangguanjiancha,jdbcType=VARCHAR}, #{xiangguanshoushu,jdbcType=VARCHAR}, 
      #{changyongyaopin,jdbcType=VARCHAR}, #{zuijiajiuzhen,jdbcType=VARCHAR}, #{jiuzhenshichang,jdbcType=VARCHAR}, 
      #{zhenliaozhouqi,jdbcType=VARCHAR}, #{zhenqianzhunbei,jdbcType=VARCHAR}, #{zhengzhuang,jdbcType=LONGVARCHAR}, 
      #{fabingyuanyin,jdbcType=LONGVARCHAR}, #{yufang,jdbcType=LONGVARCHAR}, #{linchuangjiancha,jdbcType=LONGVARCHAR}, 
      #{jianbie,jdbcType=LONGVARCHAR}, #{zhiliao,jdbcType=LONGVARCHAR}, #{huli,jdbcType=LONGVARCHAR}, 
      #{yishibaojian,jdbcType=LONGVARCHAR}, #{bingfazheng,jdbcType=LONGVARCHAR})
  </insert>
  <insert id="insertSelective" keyColumn="id_" keyProperty="id" parameterType="com.ys.model.JbInfo" useGeneratedKeys="true">
    <!--
      WARNING - @mbg.generated
      This element is automatically generated by MyBatis Generator, do not modify.
      This element was generated on Sun Feb 12 11:14:31 CST 2017.
    -->
    insert into jb_info
    <trim prefix="(" suffix=")" suffixOverrides=",">
      <if test="mingcheng != null">
        mingcheng_,
      </if>
      <if test="daima != null">
        daima_,
      </if>
      <if test="jianjie != null">
        jianjie_,
      </if>
      <if test="yibao != null">
        yibao_,
      </if>
      <if test="bieming != null">
        bieming_,
      </if>
      <if test="buwei != null">
        buwei_,
      </if>
      <if test="fabingbuwei != null">
        fabingbuwei_,
      </if>
      <if test="chuanranxing != null">
        chuanranxing_,
      </if>
      <if test="duofarenqun != null">
        duofarenqun_,
      </if>
      <if test="xiangguanzhengzhuang != null">
        xiangguanzhengzhuang_,
      </if>
      <if test="bingfajibing != null">
        bingfajibing_,
      </if>
      <if test="jiuzhenkeshi != null">
        jiuzhenkeshi_,
      </if>
      <if test="zhiliaofeiyong != null">
        zhiliaofeiyong_,
      </if>
      <if test="zhiyulv != null">
        zhiyulv_,
      </if>
      <if test="zhiliaozhouqi != null">
        zhiliaozhouqi_,
      </if>
      <if test="zhiliaofangfa != null">
        zhiliaofangfa_,
      </if>
      <if test="xiangguanjiancha != null">
        xiangguanjiancha_,
      </if>
      <if test="xiangguanshoushu != null">
        xiangguanshoushu_,
      </if>
      <if test="changyongyaopin != null">
        changyongyaopin_,
      </if>
      <if test="zuijiajiuzhen != null">
        zuijiajiuzhen_,
      </if>
      <if test="jiuzhenshichang != null">
        jiuzhenshichang_,
      </if>
      <if test="zhenliaozhouqi != null">
        zhenliaozhouqi_,
      </if>
      <if test="zhenqianzhunbei != null">
        zhenqianzhunbei_,
      </if>
      <if test="zhengzhuang != null">
        zhengzhuang_,
      </if>
      <if test="fabingyuanyin != null">
        fabingyuanyin_,
      </if>
      <if test="yufang != null">
        yufang_,
      </if>
      <if test="linchuangjiancha != null">
        linchuangjiancha_,
      </if>
      <if test="jianbie != null">
        jianbie_,
      </if>
      <if test="zhiliao != null">
        zhiliao_,
      </if>
      <if test="huli != null">
        huli_,
      </if>
      <if test="yishibaojian != null">
        yishibaojian_,
      </if>
      <if test="bingfazheng != null">
        bingfazheng_,
      </if>
    </trim>
    <trim prefix="values (" suffix=")" suffixOverrides=",">
      <if test="mingcheng != null">
        #{mingcheng,jdbcType=VARCHAR},
      </if>
      <if test="daima != null">
        #{daima,jdbcType=VARCHAR},
      </if>
      <if test="jianjie != null">
        #{jianjie,jdbcType=VARCHAR},
      </if>
      <if test="yibao != null">
        #{yibao,jdbcType=SMALLINT},
      </if>
      <if test="bieming != null">
        #{bieming,jdbcType=VARCHAR},
      </if>
      <if test="buwei != null">
        #{buwei,jdbcType=VARCHAR},
      </if>
      <if test="fabingbuwei != null">
        #{fabingbuwei,jdbcType=VARCHAR},
      </if>
      <if test="chuanranxing != null">
        #{chuanranxing,jdbcType=SMALLINT},
      </if>
      <if test="duofarenqun != null">
        #{duofarenqun,jdbcType=VARCHAR},
      </if>
      <if test="xiangguanzhengzhuang != null">
        #{xiangguanzhengzhuang,jdbcType=VARCHAR},
      </if>
      <if test="bingfajibing != null">
        #{bingfajibing,jdbcType=VARCHAR},
      </if>
      <if test="jiuzhenkeshi != null">
        #{jiuzhenkeshi,jdbcType=VARCHAR},
      </if>
      <if test="zhiliaofeiyong != null">
        #{zhiliaofeiyong,jdbcType=VARCHAR},
      </if>
      <if test="zhiyulv != null">
        #{zhiyulv,jdbcType=VARCHAR},
      </if>
      <if test="zhiliaozhouqi != null">
        #{zhiliaozhouqi,jdbcType=VARCHAR},
      </if>
      <if test="zhiliaofangfa != null">
        #{zhiliaofangfa,jdbcType=VARCHAR},
      </if>
      <if test="xiangguanjiancha != null">
        #{xiangguanjiancha,jdbcType=VARCHAR},
      </if>
      <if test="xiangguanshoushu != null">
        #{xiangguanshoushu,jdbcType=VARCHAR},
      </if>
      <if test="changyongyaopin != null">
        #{changyongyaopin,jdbcType=VARCHAR},
      </if>
      <if test="zuijiajiuzhen != null">
        #{zuijiajiuzhen,jdbcType=VARCHAR},
      </if>
      <if test="jiuzhenshichang != null">
        #{jiuzhenshichang,jdbcType=VARCHAR},
      </if>
      <if test="zhenliaozhouqi != null">
        #{zhenliaozhouqi,jdbcType=VARCHAR},
      </if>
      <if test="zhenqianzhunbei != null">
        #{zhenqianzhunbei,jdbcType=VARCHAR},
      </if>
      <if test="zhengzhuang != null">
        #{zhengzhuang,jdbcType=LONGVARCHAR},
      </if>
      <if test="fabingyuanyin != null">
        #{fabingyuanyin,jdbcType=LONGVARCHAR},
      </if>
      <if test="yufang != null">
        #{yufang,jdbcType=LONGVARCHAR},
      </if>
      <if test="linchuangjiancha != null">
        #{linchuangjiancha,jdbcType=LONGVARCHAR},
      </if>
      <if test="jianbie != null">
        #{jianbie,jdbcType=LONGVARCHAR},
      </if>
      <if test="zhiliao != null">
        #{zhiliao,jdbcType=LONGVARCHAR},
      </if>
      <if test="huli != null">
        #{huli,jdbcType=LONGVARCHAR},
      </if>
      <if test="yishibaojian != null">
        #{yishibaojian,jdbcType=LONGVARCHAR},
      </if>
      <if test="bingfazheng != null">
        #{bingfazheng,jdbcType=LONGVARCHAR},
      </if>
    </trim>
  </insert>
  <select id="countByExample" parameterType="com.ys.model.JbInfoExample" resultType="java.lang.Long">
    <!--
      WARNING - @mbg.generated
      This element is automatically generated by MyBatis Generator, do not modify.
      This element was generated on Sun Feb 12 11:14:31 CST 2017.
    -->
    select count(*) from jb_info
    <if test="_parameter != null">
      <include refid="Example_Where_Clause" />
    </if>
  </select>
  <update id="updateByExampleSelective" parameterType="map">
    <!--
      WARNING - @mbg.generated
      This element is automatically generated by MyBatis Generator, do not modify.
      This element was generated on Sun Feb 12 11:14:31 CST 2017.
    -->
    update jb_info
    <set>
      <if test="record.id != null">
        id_ = #{record.id,jdbcType=BIGINT},
      </if>
      <if test="record.mingcheng != null">
        mingcheng_ = #{record.mingcheng,jdbcType=VARCHAR},
      </if>
      <if test="record.daima != null">
        daima_ = #{record.daima,jdbcType=VARCHAR},
      </if>
      <if test="record.jianjie != null">
        jianjie_ = #{record.jianjie,jdbcType=VARCHAR},
      </if>
      <if test="record.yibao != null">
        yibao_ = #{record.yibao,jdbcType=SMALLINT},
      </if>
      <if test="record.bieming != null">
        bieming_ = #{record.bieming,jdbcType=VARCHAR},
      </if>
      <if test="record.buwei != null">
        buwei_ = #{record.buwei,jdbcType=VARCHAR},
      </if>
      <if test="record.fabingbuwei != null">
        fabingbuwei_ = #{record.fabingbuwei,jdbcType=VARCHAR},
      </if>
      <if test="record.chuanranxing != null">
        chuanranxing_ = #{record.chuanranxing,jdbcType=SMALLINT},
      </if>
      <if test="record.duofarenqun != null">
        duofarenqun_ = #{record.duofarenqun,jdbcType=VARCHAR},
      </if>
      <if test="record.xiangguanzhengzhuang != null">
        xiangguanzhengzhuang_ = #{record.xiangguanzhengzhuang,jdbcType=VARCHAR},
      </if>
      <if test="record.bingfajibing != null">
        bingfajibing_ = #{record.bingfajibing,jdbcType=VARCHAR},
      </if>
      <if test="record.jiuzhenkeshi != null">
        jiuzhenkeshi_ = #{record.jiuzhenkeshi,jdbcType=VARCHAR},
      </if>
      <if test="record.zhiliaofeiyong != null">
        zhiliaofeiyong_ = #{record.zhiliaofeiyong,jdbcType=VARCHAR},
      </if>
      <if test="record.zhiyulv != null">
        zhiyulv_ = #{record.zhiyulv,jdbcType=VARCHAR},
      </if>
      <if test="record.zhiliaozhouqi != null">
        zhiliaozhouqi_ = #{record.zhiliaozhouqi,jdbcType=VARCHAR},
      </if>
      <if test="record.zhiliaofangfa != null">
        zhiliaofangfa_ = #{record.zhiliaofangfa,jdbcType=VARCHAR},
      </if>
      <if test="record.xiangguanjiancha != null">
        xiangguanjiancha_ = #{record.xiangguanjiancha,jdbcType=VARCHAR},
      </if>
      <if test="record.xiangguanshoushu != null">
        xiangguanshoushu_ = #{record.xiangguanshoushu,jdbcType=VARCHAR},
      </if>
      <if test="record.changyongyaopin != null">
        changyongyaopin_ = #{record.changyongyaopin,jdbcType=VARCHAR},
      </if>
      <if test="record.zuijiajiuzhen != null">
        zuijiajiuzhen_ = #{record.zuijiajiuzhen,jdbcType=VARCHAR},
      </if>
      <if test="record.jiuzhenshichang != null">
        jiuzhenshichang_ = #{record.jiuzhenshichang,jdbcType=VARCHAR},
      </if>
      <if test="record.zhenliaozhouqi != null">
        zhenliaozhouqi_ = #{record.zhenliaozhouqi,jdbcType=VARCHAR},
      </if>
      <if test="record.zhenqianzhunbei != null">
        zhenqianzhunbei_ = #{record.zhenqianzhunbei,jdbcType=VARCHAR},
      </if>
      <if test="record.zhengzhuang != null">
        zhengzhuang_ = #{record.zhengzhuang,jdbcType=LONGVARCHAR},
      </if>
      <if test="record.fabingyuanyin != null">
        fabingyuanyin_ = #{record.fabingyuanyin,jdbcType=LONGVARCHAR},
      </if>
      <if test="record.yufang != null">
        yufang_ = #{record.yufang,jdbcType=LONGVARCHAR},
      </if>
      <if test="record.linchuangjiancha != null">
        linchuangjiancha_ = #{record.linchuangjiancha,jdbcType=LONGVARCHAR},
      </if>
      <if test="record.jianbie != null">
        jianbie_ = #{record.jianbie,jdbcType=LONGVARCHAR},
      </if>
      <if test="record.zhiliao != null">
        zhiliao_ = #{record.zhiliao,jdbcType=LONGVARCHAR},
      </if>
      <if test="record.huli != null">
        huli_ = #{record.huli,jdbcType=LONGVARCHAR},
      </if>
      <if test="record.yishibaojian != null">
        yishibaojian_ = #{record.yishibaojian,jdbcType=LONGVARCHAR},
      </if>
      <if test="record.bingfazheng != null">
        bingfazheng_ = #{record.bingfazheng,jdbcType=LONGVARCHAR},
      </if>
    </set>
    <if test="_parameter != null">
      <include refid="Update_By_Example_Where_Clause" />
    </if>
  </update>
  <update id="updateByExampleWithBLOBs" parameterType="map">
    <!--
      WARNING - @mbg.generated
      This element is automatically generated by MyBatis Generator, do not modify.
      This element was generated on Sun Feb 12 11:14:31 CST 2017.
    -->
    update jb_info
    set id_ = #{record.id,jdbcType=BIGINT},
      mingcheng_ = #{record.mingcheng,jdbcType=VARCHAR},
      daima_ = #{record.daima,jdbcType=VARCHAR},
      jianjie_ = #{record.jianjie,jdbcType=VARCHAR},
      yibao_ = #{record.yibao,jdbcType=SMALLINT},
      bieming_ = #{record.bieming,jdbcType=VARCHAR},
      buwei_ = #{record.buwei,jdbcType=VARCHAR},
      fabingbuwei_ = #{record.fabingbuwei,jdbcType=VARCHAR},
      chuanranxing_ = #{record.chuanranxing,jdbcType=SMALLINT},
      duofarenqun_ = #{record.duofarenqun,jdbcType=VARCHAR},
      xiangguanzhengzhuang_ = #{record.xiangguanzhengzhuang,jdbcType=VARCHAR},
      bingfajibing_ = #{record.bingfajibing,jdbcType=VARCHAR},
      jiuzhenkeshi_ = #{record.jiuzhenkeshi,jdbcType=VARCHAR},
      zhiliaofeiyong_ = #{record.zhiliaofeiyong,jdbcType=VARCHAR},
      zhiyulv_ = #{record.zhiyulv,jdbcType=VARCHAR},
      zhiliaozhouqi_ = #{record.zhiliaozhouqi,jdbcType=VARCHAR},
      zhiliaofangfa_ = #{record.zhiliaofangfa,jdbcType=VARCHAR},
      xiangguanjiancha_ = #{record.xiangguanjiancha,jdbcType=VARCHAR},
      xiangguanshoushu_ = #{record.xiangguanshoushu,jdbcType=VARCHAR},
      changyongyaopin_ = #{record.changyongyaopin,jdbcType=VARCHAR},
      zuijiajiuzhen_ = #{record.zuijiajiuzhen,jdbcType=VARCHAR},
      jiuzhenshichang_ = #{record.jiuzhenshichang,jdbcType=VARCHAR},
      zhenliaozhouqi_ = #{record.zhenliaozhouqi,jdbcType=VARCHAR},
      zhenqianzhunbei_ = #{record.zhenqianzhunbei,jdbcType=VARCHAR},
      zhengzhuang_ = #{record.zhengzhuang,jdbcType=LONGVARCHAR},
      fabingyuanyin_ = #{record.fabingyuanyin,jdbcType=LONGVARCHAR},
      yufang_ = #{record.yufang,jdbcType=LONGVARCHAR},
      linchuangjiancha_ = #{record.linchuangjiancha,jdbcType=LONGVARCHAR},
      jianbie_ = #{record.jianbie,jdbcType=LONGVARCHAR},
      zhiliao_ = #{record.zhiliao,jdbcType=LONGVARCHAR},
      huli_ = #{record.huli,jdbcType=LONGVARCHAR},
      yishibaojian_ = #{record.yishibaojian,jdbcType=LONGVARCHAR},
      bingfazheng_ = #{record.bingfazheng,jdbcType=LONGVARCHAR}
    <if test="_parameter != null">
      <include refid="Update_By_Example_Where_Clause" />
    </if>
  </update>
  <update id="updateByExample" parameterType="map">
    <!--
      WARNING - @mbg.generated
      This element is automatically generated by MyBatis Generator, do not modify.
      This element was generated on Sun Feb 12 11:14:31 CST 2017.
    -->
    update jb_info
    set id_ = #{record.id,jdbcType=BIGINT},
      mingcheng_ = #{record.mingcheng,jdbcType=VARCHAR},
      daima_ = #{record.daima,jdbcType=VARCHAR},
      jianjie_ = #{record.jianjie,jdbcType=VARCHAR},
      yibao_ = #{record.yibao,jdbcType=SMALLINT},
      bieming_ = #{record.bieming,jdbcType=VARCHAR},
      buwei_ = #{record.buwei,jdbcType=VARCHAR},
      fabingbuwei_ = #{record.fabingbuwei,jdbcType=VARCHAR},
      chuanranxing_ = #{record.chuanranxing,jdbcType=SMALLINT},
      duofarenqun_ = #{record.duofarenqun,jdbcType=VARCHAR},
      xiangguanzhengzhuang_ = #{record.xiangguanzhengzhuang,jdbcType=VARCHAR},
      bingfajibing_ = #{record.bingfajibing,jdbcType=VARCHAR},
      jiuzhenkeshi_ = #{record.jiuzhenkeshi,jdbcType=VARCHAR},
      zhiliaofeiyong_ = #{record.zhiliaofeiyong,jdbcType=VARCHAR},
      zhiyulv_ = #{record.zhiyulv,jdbcType=VARCHAR},
      zhiliaozhouqi_ = #{record.zhiliaozhouqi,jdbcType=VARCHAR},
      zhiliaofangfa_ = #{record.zhiliaofangfa,jdbcType=VARCHAR},
      xiangguanjiancha_ = #{record.xiangguanjiancha,jdbcType=VARCHAR},
      xiangguanshoushu_ = #{record.xiangguanshoushu,jdbcType=VARCHAR},
      changyongyaopin_ = #{record.changyongyaopin,jdbcType=VARCHAR},
      zuijiajiuzhen_ = #{record.zuijiajiuzhen,jdbcType=VARCHAR},
      jiuzhenshichang_ = #{record.jiuzhenshichang,jdbcType=VARCHAR},
      zhenliaozhouqi_ = #{record.zhenliaozhouqi,jdbcType=VARCHAR},
      zhenqianzhunbei_ = #{record.zhenqianzhunbei,jdbcType=VARCHAR}
    <if test="_parameter != null">
      <include refid="Update_By_Example_Where_Clause" />
    </if>
  </update>
  <update id="updateByPrimaryKeySelective" parameterType="com.ys.model.JbInfo">
    <!--
      WARNING - @mbg.generated
      This element is automatically generated by MyBatis Generator, do not modify.
      This element was generated on Sun Feb 12 11:14:31 CST 2017.
    -->
    update jb_info
    <set>
      <if test="mingcheng != null">
        mingcheng_ = #{mingcheng,jdbcType=VARCHAR},
      </if>
      <if test="daima != null">
        daima_ = #{daima,jdbcType=VARCHAR},
      </if>
      <if test="jianjie != null">
        jianjie_ = #{jianjie,jdbcType=VARCHAR},
      </if>
      <if test="yibao != null">
        yibao_ = #{yibao,jdbcType=SMALLINT},
      </if>
      <if test="bieming != null">
        bieming_ = #{bieming,jdbcType=VARCHAR},
      </if>
      <if test="buwei != null">
        buwei_ = #{buwei,jdbcType=VARCHAR},
      </if>
      <if test="fabingbuwei != null">
        fabingbuwei_ = #{fabingbuwei,jdbcType=VARCHAR},
      </if>
      <if test="chuanranxing != null">
        chuanranxing_ = #{chuanranxing,jdbcType=SMALLINT},
      </if>
      <if test="duofarenqun != null">
        duofarenqun_ = #{duofarenqun,jdbcType=VARCHAR},
      </if>
      <if test="xiangguanzhengzhuang != null">
        xiangguanzhengzhuang_ = #{xiangguanzhengzhuang,jdbcType=VARCHAR},
      </if>
      <if test="bingfajibing != null">
        bingfajibing_ = #{bingfajibing,jdbcType=VARCHAR},
      </if>
      <if test="jiuzhenkeshi != null">
        jiuzhenkeshi_ = #{jiuzhenkeshi,jdbcType=VARCHAR},
      </if>
      <if test="zhiliaofeiyong != null">
        zhiliaofeiyong_ = #{zhiliaofeiyong,jdbcType=VARCHAR},
      </if>
      <if test="zhiyulv != null">
        zhiyulv_ = #{zhiyulv,jdbcType=VARCHAR},
      </if>
      <if test="zhiliaozhouqi != null">
        zhiliaozhouqi_ = #{zhiliaozhouqi,jdbcType=VARCHAR},
      </if>
      <if test="zhiliaofangfa != null">
        zhiliaofangfa_ = #{zhiliaofangfa,jdbcType=VARCHAR},
      </if>
      <if test="xiangguanjiancha != null">
        xiangguanjiancha_ = #{xiangguanjiancha,jdbcType=VARCHAR},
      </if>
      <if test="xiangguanshoushu != null">
        xiangguanshoushu_ = #{xiangguanshoushu,jdbcType=VARCHAR},
      </if>
      <if test="changyongyaopin != null">
        changyongyaopin_ = #{changyongyaopin,jdbcType=VARCHAR},
      </if>
      <if test="zuijiajiuzhen != null">
        zuijiajiuzhen_ = #{zuijiajiuzhen,jdbcType=VARCHAR},
      </if>
      <if test="jiuzhenshichang != null">
        jiuzhenshichang_ = #{jiuzhenshichang,jdbcType=VARCHAR},
      </if>
      <if test="zhenliaozhouqi != null">
        zhenliaozhouqi_ = #{zhenliaozhouqi,jdbcType=VARCHAR},
      </if>
      <if test="zhenqianzhunbei != null">
        zhenqianzhunbei_ = #{zhenqianzhunbei,jdbcType=VARCHAR},
      </if>
      <if test="zhengzhuang != null">
        zhengzhuang_ = #{zhengzhuang,jdbcType=LONGVARCHAR},
      </if>
      <if test="fabingyuanyin != null">
        fabingyuanyin_ = #{fabingyuanyin,jdbcType=LONGVARCHAR},
      </if>
      <if test="yufang != null">
        yufang_ = #{yufang,jdbcType=LONGVARCHAR},
      </if>
      <if test="linchuangjiancha != null">
        linchuangjiancha_ = #{linchuangjiancha,jdbcType=LONGVARCHAR},
      </if>
      <if test="jianbie != null">
        jianbie_ = #{jianbie,jdbcType=LONGVARCHAR},
      </if>
      <if test="zhiliao != null">
        zhiliao_ = #{zhiliao,jdbcType=LONGVARCHAR},
      </if>
      <if test="huli != null">
        huli_ = #{huli,jdbcType=LONGVARCHAR},
      </if>
      <if test="yishibaojian != null">
        yishibaojian_ = #{yishibaojian,jdbcType=LONGVARCHAR},
      </if>
      <if test="bingfazheng != null">
        bingfazheng_ = #{bingfazheng,jdbcType=LONGVARCHAR},
      </if>
    </set>
    where id_ = #{id,jdbcType=BIGINT}
  </update>
  <update id="updateByPrimaryKeyWithBLOBs" parameterType="com.ys.model.JbInfo">
    <!--
      WARNING - @mbg.generated
      This element is automatically generated by MyBatis Generator, do not modify.
      This element was generated on Sun Feb 12 11:14:31 CST 2017.
    -->
    update jb_info
    set mingcheng_ = #{mingcheng,jdbcType=VARCHAR},
      daima_ = #{daima,jdbcType=VARCHAR},
      jianjie_ = #{jianjie,jdbcType=VARCHAR},
      yibao_ = #{yibao,jdbcType=SMALLINT},
      bieming_ = #{bieming,jdbcType=VARCHAR},
      buwei_ = #{buwei,jdbcType=VARCHAR},
      fabingbuwei_ = #{fabingbuwei,jdbcType=VARCHAR},
      chuanranxing_ = #{chuanranxing,jdbcType=SMALLINT},
      duofarenqun_ = #{duofarenqun,jdbcType=VARCHAR},
      xiangguanzhengzhuang_ = #{xiangguanzhengzhuang,jdbcType=VARCHAR},
      bingfajibing_ = #{bingfajibing,jdbcType=VARCHAR},
      jiuzhenkeshi_ = #{jiuzhenkeshi,jdbcType=VARCHAR},
      zhiliaofeiyong_ = #{zhiliaofeiyong,jdbcType=VARCHAR},
      zhiyulv_ = #{zhiyulv,jdbcType=VARCHAR},
      zhiliaozhouqi_ = #{zhiliaozhouqi,jdbcType=VARCHAR},
      zhiliaofangfa_ = #{zhiliaofangfa,jdbcType=VARCHAR},
      xiangguanjiancha_ = #{xiangguanjiancha,jdbcType=VARCHAR},
      xiangguanshoushu_ = #{xiangguanshoushu,jdbcType=VARCHAR},
      changyongyaopin_ = #{changyongyaopin,jdbcType=VARCHAR},
      zuijiajiuzhen_ = #{zuijiajiuzhen,jdbcType=VARCHAR},
      jiuzhenshichang_ = #{jiuzhenshichang,jdbcType=VARCHAR},
      zhenliaozhouqi_ = #{zhenliaozhouqi,jdbcType=VARCHAR},
      zhenqianzhunbei_ = #{zhenqianzhunbei,jdbcType=VARCHAR},
      zhengzhuang_ = #{zhengzhuang,jdbcType=LONGVARCHAR},
      fabingyuanyin_ = #{fabingyuanyin,jdbcType=LONGVARCHAR},
      yufang_ = #{yufang,jdbcType=LONGVARCHAR},
      linchuangjiancha_ = #{linchuangjiancha,jdbcType=LONGVARCHAR},
      jianbie_ = #{jianbie,jdbcType=LONGVARCHAR},
      zhiliao_ = #{zhiliao,jdbcType=LONGVARCHAR},
      huli_ = #{huli,jdbcType=LONGVARCHAR},
      yishibaojian_ = #{yishibaojian,jdbcType=LONGVARCHAR},
      bingfazheng_ = #{bingfazheng,jdbcType=LONGVARCHAR}
    where id_ = #{id,jdbcType=BIGINT}
  </update>
  <update id="updateByPrimaryKey" parameterType="com.ys.model.JbInfo">
    <!--
      WARNING - @mbg.generated
      This element is automatically generated by MyBatis Generator, do not modify.
      This element was generated on Sun Feb 12 11:14:31 CST 2017.
    -->
    update jb_info
    set mingcheng_ = #{mingcheng,jdbcType=VARCHAR},
      daima_ = #{daima,jdbcType=VARCHAR},
      jianjie_ = #{jianjie,jdbcType=VARCHAR},
      yibao_ = #{yibao,jdbcType=SMALLINT},
      bieming_ = #{bieming,jdbcType=VARCHAR},
      buwei_ = #{buwei,jdbcType=VARCHAR},
      fabingbuwei_ = #{fabingbuwei,jdbcType=VARCHAR},
      chuanranxing_ = #{chuanranxing,jdbcType=SMALLINT},
      duofarenqun_ = #{duofarenqun,jdbcType=VARCHAR},
      xiangguanzhengzhuang_ = #{xiangguanzhengzhuang,jdbcType=VARCHAR},
      bingfajibing_ = #{bingfajibing,jdbcType=VARCHAR},
      jiuzhenkeshi_ = #{jiuzhenkeshi,jdbcType=VARCHAR},
      zhiliaofeiyong_ = #{zhiliaofeiyong,jdbcType=VARCHAR},
      zhiyulv_ = #{zhiyulv,jdbcType=VARCHAR},
      zhiliaozhouqi_ = #{zhiliaozhouqi,jdbcType=VARCHAR},
      zhiliaofangfa_ = #{zhiliaofangfa,jdbcType=VARCHAR},
      xiangguanjiancha_ = #{xiangguanjiancha,jdbcType=VARCHAR},
      xiangguanshoushu_ = #{xiangguanshoushu,jdbcType=VARCHAR},
      changyongyaopin_ = #{changyongyaopin,jdbcType=VARCHAR},
      zuijiajiuzhen_ = #{zuijiajiuzhen,jdbcType=VARCHAR},
      jiuzhenshichang_ = #{jiuzhenshichang,jdbcType=VARCHAR},
      zhenliaozhouqi_ = #{zhenliaozhouqi,jdbcType=VARCHAR},
      zhenqianzhunbei_ = #{zhenqianzhunbei,jdbcType=VARCHAR}
    where id_ = #{id,jdbcType=BIGINT}
  </update>
</mapper>