<?xml version="1.0" encoding="UTF-8"?>
<!DOCTYPE mapper PUBLIC "-//mybatis.org//DTD Mapper 3.0//EN" "http://mybatis.org/dtd/mybatis-3-mapper.dtd">
<mapper namespace="com.ys.dao.JbZhengzhuangMapper">
  <resultMap id="BaseResultMap" type="com.ys.model.JbZhengzhuang">
    <!--
      WARNING - @mbg.generated
      This element is automatically generated by MyBatis Generator, do not modify.
      This element was generated on Sun Feb 12 22:50:58 CST 2017.
    -->
    <id column="id_" jdbcType="BIGINT" property="id" />
    <result column="mingcheng_" jdbcType="VARCHAR" property="mingcheng" />
    <result column="daima_" jdbcType="VARCHAR" property="daima" />
    <result column="jianjie_" jdbcType="VARCHAR" property="jianjie" />
    <result column="fenlei_" jdbcType="VARCHAR" property="fenlei" />
    <result column="kenengjibing_" jdbcType="VARCHAR" property="kenengjibing" />
  </resultMap>
  <resultMap extends="BaseResultMap" id="ResultMapWithBLOBs" type="com.ys.model.JbZhengzhuang">
    <!--
      WARNING - @mbg.generated
      This element is automatically generated by MyBatis Generator, do not modify.
      This element was generated on Sun Feb 12 22:50:58 CST 2017.
    -->
    <result column="qiyin_" jdbcType="LONGVARCHAR" property="qiyin" />
    <result column="zhenduan_" jdbcType="LONGVARCHAR" property="zhenduan" />
    <result column="jiancha_" jdbcType="LONGVARCHAR" property="jiancha" />
    <result column="jiuzhen_" jdbcType="LONGVARCHAR" property="jiuzhen" />
  </resultMap>
  <sql id="Example_Where_Clause">
    <!--
      WARNING - @mbg.generated
      This element is automatically generated by MyBatis Generator, do not modify.
      This element was generated on Sun Feb 12 22:50:58 CST 2017.
    -->
    <where>
      <foreach collection="oredCriteria" item="criteria" separator="or">
        <if test="criteria.valid">
          <trim prefix="(" prefixOverrides="and" suffix=")">
            <foreach collection="criteria.criteria" item="criterion">
              <choose>
                <when test="criterion.noValue">
                  and ${criterion.condition}
                </when>
                <when test="criterion.singleValue">
                  and ${criterion.condition} #{criterion.value}
                </when>
                <when test="criterion.betweenValue">
                  and ${criterion.condition} #{criterion.value} and #{criterion.secondValue}
                </when>
                <when test="criterion.listValue">
                  and ${criterion.condition}
                  <foreach close=")" collection="criterion.value" item="listItem" open="(" separator=",">
                    #{listItem}
                  </foreach>
                </when>
              </choose>
            </foreach>
          </trim>
        </if>
      </foreach>
    </where>
  </sql>
  <sql id="Update_By_Example_Where_Clause">
    <!--
      WARNING - @mbg.generated
      This element is automatically generated by MyBatis Generator, do not modify.
      This element was generated on Sun Feb 12 22:50:58 CST 2017.
    -->
    <where>
      <foreach collection="example.oredCriteria" item="criteria" separator="or">
        <if test="criteria.valid">
          <trim prefix="(" prefixOverrides="and" suffix=")">
            <foreach collection="criteria.criteria" item="criterion">
              <choose>
                <when test="criterion.noValue">
                  and ${criterion.condition}
                </when>
                <when test="criterion.singleValue">
                  and ${criterion.condition} #{criterion.value}
                </when>
                <when test="criterion.betweenValue">
                  and ${criterion.condition} #{criterion.value} and #{criterion.secondValue}
                </when>
                <when test="criterion.listValue">
                  and ${criterion.condition}
                  <foreach close=")" collection="criterion.value" item="listItem" open="(" separator=",">
                    #{listItem}
                  </foreach>
                </when>
              </choose>
            </foreach>
          </trim>
        </if>
      </foreach>
    </where>
  </sql>
  <sql id="Base_Column_List">
    <!--
      WARNING - @mbg.generated
      This element is automatically generated by MyBatis Generator, do not modify.
      This element was generated on Sun Feb 12 22:50:58 CST 2017.
    -->
    id_, mingcheng_, daima_, jianjie_, fenlei_, kenengjibing_
  </sql>
  <sql id="Blob_Column_List">
    <!--
      WARNING - @mbg.generated
      This element is automatically generated by MyBatis Generator, do not modify.
      This element was generated on Sun Feb 12 22:50:58 CST 2017.
    -->
    qiyin_, zhenduan_, jiancha_, jiuzhen_
  </sql>
  <select id="selectByExampleWithBLOBs" parameterType="com.ys.model.JbZhengzhuangExample" resultMap="ResultMapWithBLOBs">
    <!--
      WARNING - @mbg.generated
      This element is automatically generated by MyBatis Generator, do not modify.
      This element was generated on Sun Feb 12 22:50:58 CST 2017.
    -->
    select
    <if test="distinct">
      distinct
    </if>
    <include refid="Base_Column_List" />
    ,
    <include refid="Blob_Column_List" />
    from jb_zhengzhuang
    <if test="_parameter != null">
      <include refid="Example_Where_Clause" />
    </if>
    <if test="orderByClause != null">
      order by ${orderByClause}
    </if>
  </select>
  <select id="selectByExample" parameterType="com.ys.model.JbZhengzhuangExample" resultMap="BaseResultMap">
    <!--
      WARNING - @mbg.generated
      This element is automatically generated by MyBatis Generator, do not modify.
      This element was generated on Sun Feb 12 22:50:58 CST 2017.
    -->
    select
    <if test="distinct">
      distinct
    </if>
    <include refid="Base_Column_List" />
    from jb_zhengzhuang
    <if test="_parameter != null">
      <include refid="Example_Where_Clause" />
    </if>
    <if test="orderByClause != null">
      order by ${orderByClause}
    </if>
  </select>
  <select id="selectByPrimaryKey" parameterType="java.lang.Long" resultMap="ResultMapWithBLOBs">
    <!--
      WARNING - @mbg.generated
      This element is automatically generated by MyBatis Generator, do not modify.
      This element was generated on Sun Feb 12 22:50:58 CST 2017.
    -->
    select 
    <include refid="Base_Column_List" />
    ,
    <include refid="Blob_Column_List" />
    from jb_zhengzhuang
    where id_ = #{id,jdbcType=BIGINT}
  </select>
  <delete id="deleteByPrimaryKey" parameterType="java.lang.Long">
    <!--
      WARNING - @mbg.generated
      This element is automatically generated by MyBatis Generator, do not modify.
      This element was generated on Sun Feb 12 22:50:58 CST 2017.
    -->
    delete from jb_zhengzhuang
    where id_ = #{id,jdbcType=BIGINT}
  </delete>
  <delete id="deleteByExample" parameterType="com.ys.model.JbZhengzhuangExample">
    <!--
      WARNING - @mbg.generated
      This element is automatically generated by MyBatis Generator, do not modify.
      This element was generated on Sun Feb 12 22:50:58 CST 2017.
    -->
    delete from jb_zhengzhuang
    <if test="_parameter != null">
      <include refid="Example_Where_Clause" />
    </if>
  </delete>
  <insert id="insert" keyColumn="id_" keyProperty="id" parameterType="com.ys.model.JbZhengzhuang" useGeneratedKeys="true">
    <!--
      WARNING - @mbg.generated
      This element is automatically generated by MyBatis Generator, do not modify.
      This element was generated on Sun Feb 12 22:50:58 CST 2017.
    -->
    insert into jb_zhengzhuang (mingcheng_, daima_, jianjie_, 
      fenlei_, kenengjibing_, qiyin_, 
      zhenduan_, jiancha_, jiuzhen_
      )
    values (#{mingcheng,jdbcType=VARCHAR}, #{daima,jdbcType=VARCHAR}, #{jianjie,jdbcType=VARCHAR}, 
      #{fenlei,jdbcType=VARCHAR}, #{kenengjibing,jdbcType=VARCHAR}, #{qiyin,jdbcType=LONGVARCHAR}, 
      #{zhenduan,jdbcType=LONGVARCHAR}, #{jiancha,jdbcType=LONGVARCHAR}, #{jiuzhen,jdbcType=LONGVARCHAR}
      )
  </insert>
  <insert id="insertSelective" keyColumn="id_" keyProperty="id" parameterType="com.ys.model.JbZhengzhuang" useGeneratedKeys="true">
    <!--
      WARNING - @mbg.generated
      This element is automatically generated by MyBatis Generator, do not modify.
      This element was generated on Sun Feb 12 22:50:58 CST 2017.
    -->
    insert into jb_zhengzhuang
    <trim prefix="(" suffix=")" suffixOverrides=",">
      <if test="mingcheng != null">
        mingcheng_,
      </if>
      <if test="daima != null">
        daima_,
      </if>
      <if test="jianjie != null">
        jianjie_,
      </if>
      <if test="fenlei != null">
        fenlei_,
      </if>
      <if test="kenengjibing != null">
        kenengjibing_,
      </if>
      <if test="qiyin != null">
        qiyin_,
      </if>
      <if test="zhenduan != null">
        zhenduan_,
      </if>
      <if test="jiancha != null">
        jiancha_,
      </if>
      <if test="jiuzhen != null">
        jiuzhen_,
      </if>
    </trim>
    <trim prefix="values (" suffix=")" suffixOverrides=",">
      <if test="mingcheng != null">
        #{mingcheng,jdbcType=VARCHAR},
      </if>
      <if test="daima != null">
        #{daima,jdbcType=VARCHAR},
      </if>
      <if test="jianjie != null">
        #{jianjie,jdbcType=VARCHAR},
      </if>
      <if test="fenlei != null">
        #{fenlei,jdbcType=VARCHAR},
      </if>
      <if test="kenengjibing != null">
        #{kenengjibing,jdbcType=VARCHAR},
      </if>
      <if test="qiyin != null">
        #{qiyin,jdbcType=LONGVARCHAR},
      </if>
      <if test="zhenduan != null">
        #{zhenduan,jdbcType=LONGVARCHAR},
      </if>
      <if test="jiancha != null">
        #{jiancha,jdbcType=LONGVARCHAR},
      </if>
      <if test="jiuzhen != null">
        #{jiuzhen,jdbcType=LONGVARCHAR},
      </if>
    </trim>
  </insert>
  <select id="countByExample" parameterType="com.ys.model.JbZhengzhuangExample" resultType="java.lang.Long">
    <!--
      WARNING - @mbg.generated
      This element is automatically generated by MyBatis Generator, do not modify.
      This element was generated on Sun Feb 12 22:50:58 CST 2017.
    -->
    select count(*) from jb_zhengzhuang
    <if test="_parameter != null">
      <include refid="Example_Where_Clause" />
    </if>
  </select>
  <update id="updateByExampleSelective" parameterType="map">
    <!--
      WARNING - @mbg.generated
      This element is automatically generated by MyBatis Generator, do not modify.
      This element was generated on Sun Feb 12 22:50:58 CST 2017.
    -->
    update jb_zhengzhuang
    <set>
      <if test="record.id != null">
        id_ = #{record.id,jdbcType=BIGINT},
      </if>
      <if test="record.mingcheng != null">
        mingcheng_ = #{record.mingcheng,jdbcType=VARCHAR},
      </if>
      <if test="record.daima != null">
        daima_ = #{record.daima,jdbcType=VARCHAR},
      </if>
      <if test="record.jianjie != null">
        jianjie_ = #{record.jianjie,jdbcType=VARCHAR},
      </if>
      <if test="record.fenlei != null">
        fenlei_ = #{record.fenlei,jdbcType=VARCHAR},
      </if>
      <if test="record.kenengjibing != null">
        kenengjibing_ = #{record.kenengjibing,jdbcType=VARCHAR},
      </if>
      <if test="record.qiyin != null">
        qiyin_ = #{record.qiyin,jdbcType=LONGVARCHAR},
      </if>
      <if test="record.zhenduan != null">
        zhenduan_ = #{record.zhenduan,jdbcType=LONGVARCHAR},
      </if>
      <if test="record.jiancha != null">
        jiancha_ = #{record.jiancha,jdbcType=LONGVARCHAR},
      </if>
      <if test="record.jiuzhen != null">
        jiuzhen_ = #{record.jiuzhen,jdbcType=LONGVARCHAR},
      </if>
    </set>
    <if test="_parameter != null">
      <include refid="Update_By_Example_Where_Clause" />
    </if>
  </update>
  <update id="updateByExampleWithBLOBs" parameterType="map">
    <!--
      WARNING - @mbg.generated
      This element is automatically generated by MyBatis Generator, do not modify.
      This element was generated on Sun Feb 12 22:50:58 CST 2017.
    -->
    update jb_zhengzhuang
    set id_ = #{record.id,jdbcType=BIGINT},
      mingcheng_ = #{record.mingcheng,jdbcType=VARCHAR},
      daima_ = #{record.daima,jdbcType=VARCHAR},
      jianjie_ = #{record.jianjie,jdbcType=VARCHAR},
      fenlei_ = #{record.fenlei,jdbcType=VARCHAR},
      kenengjibing_ = #{record.kenengjibing,jdbcType=VARCHAR},
      qiyin_ = #{record.qiyin,jdbcType=LONGVARCHAR},
      zhenduan_ = #{record.zhenduan,jdbcType=LONGVARCHAR},
      jiancha_ = #{record.jiancha,jdbcType=LONGVARCHAR},
      jiuzhen_ = #{record.jiuzhen,jdbcType=LONGVARCHAR}
    <if test="_parameter != null">
      <include refid="Update_By_Example_Where_Clause" />
    </if>
  </update>
  <update id="updateByExample" parameterType="map">
    <!--
      WARNING - @mbg.generated
      This element is automatically generated by MyBatis Generator, do not modify.
      This element was generated on Sun Feb 12 22:50:58 CST 2017.
    -->
    update jb_zhengzhuang
    set id_ = #{record.id,jdbcType=BIGINT},
      mingcheng_ = #{record.mingcheng,jdbcType=VARCHAR},
      daima_ = #{record.daima,jdbcType=VARCHAR},
      jianjie_ = #{record.jianjie,jdbcType=VARCHAR},
      fenlei_ = #{record.fenlei,jdbcType=VARCHAR},
      kenengjibing_ = #{record.kenengjibing,jdbcType=VARCHAR}
    <if test="_parameter != null">
      <include refid="Update_By_Example_Where_Clause" />
    </if>
  </update>
  <update id="updateByPrimaryKeySelective" parameterType="com.ys.model.JbZhengzhuang">
    <!--
      WARNING - @mbg.generated
      This element is automatically generated by MyBatis Generator, do not modify.
      This element was generated on Sun Feb 12 22:50:58 CST 2017.
    -->
    update jb_zhengzhuang
    <set>
      <if test="mingcheng != null">
        mingcheng_ = #{mingcheng,jdbcType=VARCHAR},
      </if>
      <if test="daima != null">
        daima_ = #{daima,jdbcType=VARCHAR},
      </if>
      <if test="jianjie != null">
        jianjie_ = #{jianjie,jdbcType=VARCHAR},
      </if>
      <if test="fenlei != null">
        fenlei_ = #{fenlei,jdbcType=VARCHAR},
      </if>
      <if test="kenengjibing != null">
        kenengjibing_ = #{kenengjibing,jdbcType=VARCHAR},
      </if>
      <if test="qiyin != null">
        qiyin_ = #{qiyin,jdbcType=LONGVARCHAR},
      </if>
      <if test="zhenduan != null">
        zhenduan_ = #{zhenduan,jdbcType=LONGVARCHAR},
      </if>
      <if test="jiancha != null">
        jiancha_ = #{jiancha,jdbcType=LONGVARCHAR},
      </if>
      <if test="jiuzhen != null">
        jiuzhen_ = #{jiuzhen,jdbcType=LONGVARCHAR},
      </if>
    </set>
    where id_ = #{id,jdbcType=BIGINT}
  </update>
  <update id="updateByPrimaryKeyWithBLOBs" parameterType="com.ys.model.JbZhengzhuang">
    <!--
      WARNING - @mbg.generated
      This element is automatically generated by MyBatis Generator, do not modify.
      This element was generated on Sun Feb 12 22:50:58 CST 2017.
    -->
    update jb_zhengzhuang
    set mingcheng_ = #{mingcheng,jdbcType=VARCHAR},
      daima_ = #{daima,jdbcType=VARCHAR},
      jianjie_ = #{jianjie,jdbcType=VARCHAR},
      fenlei_ = #{fenlei,jdbcType=VARCHAR},
      kenengjibing_ = #{kenengjibing,jdbcType=VARCHAR},
      qiyin_ = #{qiyin,jdbcType=LONGVARCHAR},
      zhenduan_ = #{zhenduan,jdbcType=LONGVARCHAR},
      jiancha_ = #{jiancha,jdbcType=LONGVARCHAR},
      jiuzhen_ = #{jiuzhen,jdbcType=LONGVARCHAR}
    where id_ = #{id,jdbcType=BIGINT}
  </update>
  <update id="updateByPrimaryKey" parameterType="com.ys.model.JbZhengzhuang">
    <!--
      WARNING - @mbg.generated
      This element is automatically generated by MyBatis Generator, do not modify.
      This element was generated on Sun Feb 12 22:50:58 CST 2017.
    -->
    update jb_zhengzhuang
    set mingcheng_ = #{mingcheng,jdbcType=VARCHAR},
      daima_ = #{daima,jdbcType=VARCHAR},
      jianjie_ = #{jianjie,jdbcType=VARCHAR},
      fenlei_ = #{fenlei,jdbcType=VARCHAR},
      kenengjibing_ = #{kenengjibing,jdbcType=VARCHAR}
    where id_ = #{id,jdbcType=BIGINT}
  </update>
</mapper>