<?xml version="1.0" encoding="UTF-8"?>
<!DOCTYPE mapper PUBLIC "-//mybatis.org//DTD Mapper 3.0//EN" "http://mybatis.org/dtd/mybatis-3-mapper.dtd">
<mapper namespace="com.ys.dao.TaskHistoryLogMapper">
  <resultMap id="BaseResultMap" type="com.ys.model.TaskHistoryLog">
    <!--
      WARNING - @mbg.generated
      This element is automatically generated by MyBatis Generator, do not modify.
      This element was generated on Sun Jan 29 14:19:40 CST 2017.
    -->
    <id column="id_" jdbcType="BIGINT" property="id" />
    <result column="site_url_" jdbcType="VARCHAR" property="siteUrl" />
    <result column="task_type_" jdbcType="VARCHAR" property="taskType" />
    <result column="task_url_" jdbcType="VARCHAR" property="taskUrl" />
    <result column="begin_page_" jdbcType="INTEGER" property="beginPage" />
    <result column="end_page_" jdbcType="INTEGER" property="endPage" />
  </resultMap>
  <sql id="Example_Where_Clause">
    <!--
      WARNING - @mbg.generated
      This element is automatically generated by MyBatis Generator, do not modify.
      This element was generated on Sun Jan 29 14:19:40 CST 2017.
    -->
    <where>
      <foreach collection="oredCriteria" item="criteria" separator="or">
        <if test="criteria.valid">
          <trim prefix="(" prefixOverrides="and" suffix=")">
            <foreach collection="criteria.criteria" item="criterion">
              <choose>
                <when test="criterion.noValue">
                  and ${criterion.condition}
                </when>
                <when test="criterion.singleValue">
                  and ${criterion.condition} #{criterion.value}
                </when>
                <when test="criterion.betweenValue">
                  and ${criterion.condition} #{criterion.value} and #{criterion.secondValue}
                </when>
                <when test="criterion.listValue">
                  and ${criterion.condition}
                  <foreach close=")" collection="criterion.value" item="listItem" open="(" separator=",">
                    #{listItem}
                  </foreach>
                </when>
              </choose>
            </foreach>
          </trim>
        </if>
      </foreach>
    </where>
  </sql>
  <sql id="Update_By_Example_Where_Clause">
    <!--
      WARNING - @mbg.generated
      This element is automatically generated by MyBatis Generator, do not modify.
      This element was generated on Sun Jan 29 14:19:40 CST 2017.
    -->
    <where>
      <foreach collection="example.oredCriteria" item="criteria" separator="or">
        <if test="criteria.valid">
          <trim prefix="(" prefixOverrides="and" suffix=")">
            <foreach collection="criteria.criteria" item="criterion">
              <choose>
                <when test="criterion.noValue">
                  and ${criterion.condition}
                </when>
                <when test="criterion.singleValue">
                  and ${criterion.condition} #{criterion.value}
                </when>
                <when test="criterion.betweenValue">
                  and ${criterion.condition} #{criterion.value} and #{criterion.secondValue}
                </when>
                <when test="criterion.listValue">
                  and ${criterion.condition}
                  <foreach close=")" collection="criterion.value" item="listItem" open="(" separator=",">
                    #{listItem}
                  </foreach>
                </when>
              </choose>
            </foreach>
          </trim>
        </if>
      </foreach>
    </where>
  </sql>
  <sql id="Base_Column_List">
    <!--
      WARNING - @mbg.generated
      This element is automatically generated by MyBatis Generator, do not modify.
      This element was generated on Sun Jan 29 14:19:40 CST 2017.
    -->
    id_, site_url_, task_type_, task_url_, begin_page_, end_page_
  </sql>
  <select id="selectByExample" parameterType="com.ys.model.TaskHistoryLogExample" resultMap="BaseResultMap">
    <!--
      WARNING - @mbg.generated
      This element is automatically generated by MyBatis Generator, do not modify.
      This element was generated on Sun Jan 29 14:19:40 CST 2017.
    -->
    select
    <if test="distinct">
      distinct
    </if>
    <include refid="Base_Column_List" />
    from task_history_log
    <if test="_parameter != null">
      <include refid="Example_Where_Clause" />
    </if>
    <if test="orderByClause != null">
      order by ${orderByClause}
    </if>
  </select>
  <select id="selectByPrimaryKey" parameterType="java.lang.Long" resultMap="BaseResultMap">
    <!--
      WARNING - @mbg.generated
      This element is automatically generated by MyBatis Generator, do not modify.
      This element was generated on Sun Jan 29 14:19:40 CST 2017.
    -->
    select 
    <include refid="Base_Column_List" />
    from task_history_log
    where id_ = #{id,jdbcType=BIGINT}
  </select>
  <delete id="deleteByPrimaryKey" parameterType="java.lang.Long">
    <!--
      WARNING - @mbg.generated
      This element is automatically generated by MyBatis Generator, do not modify.
      This element was generated on Sun Jan 29 14:19:40 CST 2017.
    -->
    delete from task_history_log
    where id_ = #{id,jdbcType=BIGINT}
  </delete>
  <delete id="deleteByExample" parameterType="com.ys.model.TaskHistoryLogExample">
    <!--
      WARNING - @mbg.generated
      This element is automatically generated by MyBatis Generator, do not modify.
      This element was generated on Sun Jan 29 14:19:40 CST 2017.
    -->
    delete from task_history_log
    <if test="_parameter != null">
      <include refid="Example_Where_Clause" />
    </if>
  </delete>
  <insert id="insert" keyColumn="id_" keyProperty="id" parameterType="com.ys.model.TaskHistoryLog" useGeneratedKeys="true">
    <!--
      WARNING - @mbg.generated
      This element is automatically generated by MyBatis Generator, do not modify.
      This element was generated on Sun Jan 29 14:19:40 CST 2017.
    -->
    insert into task_history_log (site_url_, task_type_, task_url_, 
      begin_page_, end_page_)
    values (#{siteUrl,jdbcType=VARCHAR}, #{taskType,jdbcType=VARCHAR}, #{taskUrl,jdbcType=VARCHAR}, 
      #{beginPage,jdbcType=INTEGER}, #{endPage,jdbcType=INTEGER})
  </insert>
  
   <insert id="insertBatch" useGeneratedKeys="true" parameterType="java.util.List">
  insert into task_history_log (site_url_, task_type_, task_url_, 
      begin_page_, end_page_) values
  <foreach collection="list" item="item" index="index" separator=",">
 (#{item.siteUrl,jdbcType=VARCHAR}, #{item.taskType,jdbcType=VARCHAR}, #{item.taskUrl,jdbcType=VARCHAR}, 
      #{item.beginPage,jdbcType=INTEGER}, #{item.endPage,jdbcType=INTEGER})
  </foreach>
  </insert>
  
  <insert id="insertSelective" keyColumn="id_" keyProperty="id" parameterType="com.ys.model.TaskHistoryLog" useGeneratedKeys="true">
    <!--
      WARNING - @mbg.generated
      This element is automatically generated by MyBatis Generator, do not modify.
      This element was generated on Sun Jan 29 14:19:40 CST 2017.
    -->
    insert into task_history_log
    <trim prefix="(" suffix=")" suffixOverrides=",">
      <if test="siteUrl != null">
        site_url_,
      </if>
      <if test="taskType != null">
        task_type_,
      </if>
      <if test="taskUrl != null">
        task_url_,
      </if>
      <if test="beginPage != null">
        begin_page_,
      </if>
      <if test="endPage != null">
        end_page_,
      </if>
    </trim>
    <trim prefix="values (" suffix=")" suffixOverrides=",">
      <if test="siteUrl != null">
        #{siteUrl,jdbcType=VARCHAR},
      </if>
      <if test="taskType != null">
        #{taskType,jdbcType=VARCHAR},
      </if>
      <if test="taskUrl != null">
        #{taskUrl,jdbcType=VARCHAR},
      </if>
      <if test="beginPage != null">
        #{beginPage,jdbcType=INTEGER},
      </if>
      <if test="endPage != null">
        #{endPage,jdbcType=INTEGER},
      </if>
    </trim>
  </insert>
  <select id="countByExample" parameterType="com.ys.model.TaskHistoryLogExample" resultType="java.lang.Long">
    <!--
      WARNING - @mbg.generated
      This element is automatically generated by MyBatis Generator, do not modify.
      This element was generated on Sun Jan 29 14:19:40 CST 2017.
    -->
    select count(*) from task_history_log
    <if test="_parameter != null">
      <include refid="Example_Where_Clause" />
    </if>
  </select>
  <update id="updateByExampleSelective" parameterType="map">
    <!--
      WARNING - @mbg.generated
      This element is automatically generated by MyBatis Generator, do not modify.
      This element was generated on Sun Jan 29 14:19:40 CST 2017.
    -->
    update task_history_log
    <set>
      <if test="record.id != null">
        id_ = #{record.id,jdbcType=BIGINT},
      </if>
      <if test="record.siteUrl != null">
        site_url_ = #{record.siteUrl,jdbcType=VARCHAR},
      </if>
      <if test="record.taskType != null">
        task_type_ = #{record.taskType,jdbcType=VARCHAR},
      </if>
      <if test="record.taskUrl != null">
        task_url_ = #{record.taskUrl,jdbcType=VARCHAR},
      </if>
      <if test="record.beginPage != null">
        begin_page_ = #{record.beginPage,jdbcType=INTEGER},
      </if>
      <if test="record.endPage != null">
        end_page_ = #{record.endPage,jdbcType=INTEGER},
      </if>
    </set>
    <if test="_parameter != null">
      <include refid="Update_By_Example_Where_Clause" />
    </if>
  </update>
  <update id="updateByExample" parameterType="map">
    <!--
      WARNING - @mbg.generated
      This element is automatically generated by MyBatis Generator, do not modify.
      This element was generated on Sun Jan 29 14:19:40 CST 2017.
    -->
    update task_history_log
    set id_ = #{record.id,jdbcType=BIGINT},
      site_url_ = #{record.siteUrl,jdbcType=VARCHAR},
      task_type_ = #{record.taskType,jdbcType=VARCHAR},
      task_url_ = #{record.taskUrl,jdbcType=VARCHAR},
      begin_page_ = #{record.beginPage,jdbcType=INTEGER},
      end_page_ = #{record.endPage,jdbcType=INTEGER}
    <if test="_parameter != null">
      <include refid="Update_By_Example_Where_Clause" />
    </if>
  </update>
  <update id="updateByPrimaryKeySelective" parameterType="com.ys.model.TaskHistoryLog">
    <!--
      WARNING - @mbg.generated
      This element is automatically generated by MyBatis Generator, do not modify.
      This element was generated on Sun Jan 29 14:19:40 CST 2017.
    -->
    update task_history_log
    <set>
      <if test="siteUrl != null">
        site_url_ = #{siteUrl,jdbcType=VARCHAR},
      </if>
      <if test="taskType != null">
        task_type_ = #{taskType,jdbcType=VARCHAR},
      </if>
      <if test="taskUrl != null">
        task_url_ = #{taskUrl,jdbcType=VARCHAR},
      </if>
      <if test="beginPage != null">
        begin_page_ = #{beginPage,jdbcType=INTEGER},
      </if>
      <if test="endPage != null">
        end_page_ = #{endPage,jdbcType=INTEGER},
      </if>
    </set>
    where id_ = #{id,jdbcType=BIGINT}
  </update>
  <update id="updateByPrimaryKey" parameterType="com.ys.model.TaskHistoryLog">
    <!--
      WARNING - @mbg.generated
      This element is automatically generated by MyBatis Generator, do not modify.
      This element was generated on Sun Jan 29 14:19:40 CST 2017.
    -->
    update task_history_log
    set site_url_ = #{siteUrl,jdbcType=VARCHAR},
      task_type_ = #{taskType,jdbcType=VARCHAR},
      task_url_ = #{taskUrl,jdbcType=VARCHAR},
      begin_page_ = #{beginPage,jdbcType=INTEGER},
      end_page_ = #{endPage,jdbcType=INTEGER}
    where id_ = #{id,jdbcType=BIGINT}
  </update>
</mapper>