<?xml version="1.0" encoding="UTF-8"?>
<!DOCTYPE mapper PUBLIC "-//mybatis.org//DTD Mapper 3.0//EN" "http://mybatis.org/dtd/mybatis-3-mapper.dtd">
<mapper namespace="com.ys.dao.TaskHistoryLogErrorMapper">
  <resultMap id="BaseResultMap" type="com.ys.model.TaskHistoryLogError">
    <!--
      WARNING - @mbg.generated
      This element is automatically generated by MyBatis Generator, do not modify.
      This element was generated on Sun Jan 29 14:19:40 CST 2017.
    -->
    <id column="id_" jdbcType="BIGINT" property="id" />
    <result column="site_url_" jdbcType="VARCHAR" property="siteUrl" />
    <result column="task_url_" jdbcType="VARCHAR" property="taskUrl" />
    <result column="task_type_" jdbcType="VARCHAR" property="taskType" />
    <result column="status_" jdbcType="SMALLINT" property="status" />
  </resultMap>
  <resultMap extends="BaseResultMap" id="ResultMapWithBLOBs" type="com.ys.model.TaskHistoryLogError">
    <!--
      WARNING - @mbg.generated
      This element is automatically generated by MyBatis Generator, do not modify.
      This element was generated on Sun Jan 29 14:19:40 CST 2017.
    -->
    <result column="error_info_" jdbcType="LONGVARCHAR" property="errorInfo" />
  </resultMap>
  <sql id="Example_Where_Clause">
    <!--
      WARNING - @mbg.generated
      This element is automatically generated by MyBatis Generator, do not modify.
      This element was generated on Sun Jan 29 14:19:40 CST 2017.
    -->
    <where>
      <foreach collection="oredCriteria" item="criteria" separator="or">
        <if test="criteria.valid">
          <trim prefix="(" prefixOverrides="and" suffix=")">
            <foreach collection="criteria.criteria" item="criterion">
              <choose>
                <when test="criterion.noValue">
                  and ${criterion.condition}
                </when>
                <when test="criterion.singleValue">
                  and ${criterion.condition} #{criterion.value}
                </when>
                <when test="criterion.betweenValue">
                  and ${criterion.condition} #{criterion.value} and #{criterion.secondValue}
                </when>
                <when test="criterion.listValue">
                  and ${criterion.condition}
                  <foreach close=")" collection="criterion.value" item="listItem" open="(" separator=",">
                    #{listItem}
                  </foreach>
                </when>
              </choose>
            </foreach>
          </trim>
        </if>
      </foreach>
    </where>
  </sql>
  <sql id="Update_By_Example_Where_Clause">
    <!--
      WARNING - @mbg.generated
      This element is automatically generated by MyBatis Generator, do not modify.
      This element was generated on Sun Jan 29 14:19:40 CST 2017.
    -->
    <where>
      <foreach collection="example.oredCriteria" item="criteria" separator="or">
        <if test="criteria.valid">
          <trim prefix="(" prefixOverrides="and" suffix=")">
            <foreach collection="criteria.criteria" item="criterion">
              <choose>
                <when test="criterion.noValue">
                  and ${criterion.condition}
                </when>
                <when test="criterion.singleValue">
                  and ${criterion.condition} #{criterion.value}
                </when>
                <when test="criterion.betweenValue">
                  and ${criterion.condition} #{criterion.value} and #{criterion.secondValue}
                </when>
                <when test="criterion.listValue">
                  and ${criterion.condition}
                  <foreach close=")" collection="criterion.value" item="listItem" open="(" separator=",">
                    #{listItem}
                  </foreach>
                </when>
              </choose>
            </foreach>
          </trim>
        </if>
      </foreach>
    </where>
  </sql>
  <sql id="Base_Column_List">
    <!--
      WARNING - @mbg.generated
      This element is automatically generated by MyBatis Generator, do not modify.
      This element was generated on Sun Jan 29 14:19:40 CST 2017.
    -->
    id_, site_url_, task_url_, task_type_, status_
  </sql>
  <sql id="Blob_Column_List">
    <!--
      WARNING - @mbg.generated
      This element is automatically generated by MyBatis Generator, do not modify.
      This element was generated on Sun Jan 29 14:19:40 CST 2017.
    -->
    error_info_
  </sql>
  <select id="selectByExampleWithBLOBs" parameterType="com.ys.model.TaskHistoryLogErrorExample" resultMap="ResultMapWithBLOBs">
    <!--
      WARNING - @mbg.generated
      This element is automatically generated by MyBatis Generator, do not modify.
      This element was generated on Sun Jan 29 14:19:40 CST 2017.
    -->
    select
    <if test="distinct">
      distinct
    </if>
    <include refid="Base_Column_List" />
    ,
    <include refid="Blob_Column_List" />
    from task_history_log_error
    <if test="_parameter != null">
      <include refid="Example_Where_Clause" />
    </if>
    <if test="orderByClause != null">
      order by ${orderByClause}
    </if>
  </select>
  <select id="selectByExample" parameterType="com.ys.model.TaskHistoryLogErrorExample" resultMap="BaseResultMap">
    <!--
      WARNING - @mbg.generated
      This element is automatically generated by MyBatis Generator, do not modify.
      This element was generated on Sun Jan 29 14:19:40 CST 2017.
    -->
    select
    <if test="distinct">
      distinct
    </if>
    <include refid="Base_Column_List" />
    from task_history_log_error
    <if test="_parameter != null">
      <include refid="Example_Where_Clause" />
    </if>
    <if test="orderByClause != null">
      order by ${orderByClause}
    </if>
  </select>
  <select id="selectByPrimaryKey" parameterType="java.lang.Long" resultMap="ResultMapWithBLOBs">
    <!--
      WARNING - @mbg.generated
      This element is automatically generated by MyBatis Generator, do not modify.
      This element was generated on Sun Jan 29 14:19:40 CST 2017.
    -->
    select 
    <include refid="Base_Column_List" />
    ,
    <include refid="Blob_Column_List" />
    from task_history_log_error
    where id_ = #{id,jdbcType=BIGINT}
  </select>
  <delete id="deleteByPrimaryKey" parameterType="java.lang.Long">
    <!--
      WARNING - @mbg.generated
      This element is automatically generated by MyBatis Generator, do not modify.
      This element was generated on Sun Jan 29 14:19:40 CST 2017.
    -->
    delete from task_history_log_error
    where id_ = #{id,jdbcType=BIGINT}
  </delete>
  <delete id="deleteByExample" parameterType="com.ys.model.TaskHistoryLogErrorExample">
    <!--
      WARNING - @mbg.generated
      This element is automatically generated by MyBatis Generator, do not modify.
      This element was generated on Sun Jan 29 14:19:40 CST 2017.
    -->
    delete from task_history_log_error
    <if test="_parameter != null">
      <include refid="Example_Where_Clause" />
    </if>
  </delete>
  <insert id="insert" keyColumn="id_" keyProperty="id" parameterType="com.ys.model.TaskHistoryLogError" useGeneratedKeys="true">
    <!--
      WARNING - @mbg.generated
      This element is automatically generated by MyBatis Generator, do not modify.
      This element was generated on Sun Jan 29 14:19:40 CST 2017.
    -->
    insert into task_history_log_error (site_url_, task_url_, task_type_, 
      status_, error_info_)
    values (#{siteUrl,jdbcType=VARCHAR}, #{taskUrl,jdbcType=VARCHAR}, #{taskType,jdbcType=VARCHAR}, 
      #{status,jdbcType=SMALLINT}, #{errorInfo,jdbcType=LONGVARCHAR})
  </insert>
  
  <insert id="insertBatch" useGeneratedKeys="true" parameterType="java.util.List">
  insert into task_history_log_error (site_url_, task_url_, task_type_, 
      status_, error_info_) values
  <foreach collection="list" item="item" index="index" separator=",">
 (#{item.siteUrl,jdbcType=VARCHAR}, #{item.taskUrl,jdbcType=VARCHAR}, #{item.taskType,jdbcType=VARCHAR}, 
      #{item.status,jdbcType=SMALLINT}, #{item.errorInfo,jdbcType=LONGVARCHAR})
  </foreach>
  </insert>
  
  <insert id="insertSelective" keyColumn="id_" keyProperty="id" parameterType="com.ys.model.TaskHistoryLogError" useGeneratedKeys="true">
    <!--
      WARNING - @mbg.generated
      This element is automatically generated by MyBatis Generator, do not modify.
      This element was generated on Sun Jan 29 14:19:40 CST 2017.
    -->
    insert into task_history_log_error
    <trim prefix="(" suffix=")" suffixOverrides=",">
      <if test="siteUrl != null">
        site_url_,
      </if>
      <if test="taskUrl != null">
        task_url_,
      </if>
      <if test="taskType != null">
        task_type_,
      </if>
      <if test="status != null">
        status_,
      </if>
      <if test="errorInfo != null">
        error_info_,
      </if>
    </trim>
    <trim prefix="values (" suffix=")" suffixOverrides=",">
      <if test="siteUrl != null">
        #{siteUrl,jdbcType=VARCHAR},
      </if>
      <if test="taskUrl != null">
        #{taskUrl,jdbcType=VARCHAR},
      </if>
      <if test="taskType != null">
        #{taskType,jdbcType=VARCHAR},
      </if>
      <if test="status != null">
        #{status,jdbcType=SMALLINT},
      </if>
      <if test="errorInfo != null">
        #{errorInfo,jdbcType=LONGVARCHAR},
      </if>
    </trim>
  </insert>
  <select id="countByExample" parameterType="com.ys.model.TaskHistoryLogErrorExample" resultType="java.lang.Long">
    <!--
      WARNING - @mbg.generated
      This element is automatically generated by MyBatis Generator, do not modify.
      This element was generated on Sun Jan 29 14:19:40 CST 2017.
    -->
    select count(*) from task_history_log_error
    <if test="_parameter != null">
      <include refid="Example_Where_Clause" />
    </if>
  </select>
  <update id="updateByExampleSelective" parameterType="map">
    <!--
      WARNING - @mbg.generated
      This element is automatically generated by MyBatis Generator, do not modify.
      This element was generated on Sun Jan 29 14:19:40 CST 2017.
    -->
    update task_history_log_error
    <set>
      <if test="record.id != null">
        id_ = #{record.id,jdbcType=BIGINT},
      </if>
      <if test="record.siteUrl != null">
        site_url_ = #{record.siteUrl,jdbcType=VARCHAR},
      </if>
      <if test="record.taskUrl != null">
        task_url_ = #{record.taskUrl,jdbcType=VARCHAR},
      </if>
      <if test="record.taskType != null">
        task_type_ = #{record.taskType,jdbcType=VARCHAR},
      </if>
      <if test="record.status != null">
        status_ = #{record.status,jdbcType=SMALLINT},
      </if>
      <if test="record.errorInfo != null">
        error_info_ = #{record.errorInfo,jdbcType=LONGVARCHAR},
      </if>
    </set>
    <if test="_parameter != null">
      <include refid="Update_By_Example_Where_Clause" />
    </if>
  </update>
  <update id="updateByExampleWithBLOBs" parameterType="map">
    <!--
      WARNING - @mbg.generated
      This element is automatically generated by MyBatis Generator, do not modify.
      This element was generated on Sun Jan 29 14:19:40 CST 2017.
    -->
    update task_history_log_error
    set id_ = #{record.id,jdbcType=BIGINT},
      site_url_ = #{record.siteUrl,jdbcType=VARCHAR},
      task_url_ = #{record.taskUrl,jdbcType=VARCHAR},
      task_type_ = #{record.taskType,jdbcType=VARCHAR},
      status_ = #{record.status,jdbcType=SMALLINT},
      error_info_ = #{record.errorInfo,jdbcType=LONGVARCHAR}
    <if test="_parameter != null">
      <include refid="Update_By_Example_Where_Clause" />
    </if>
  </update>
  <update id="updateByExample" parameterType="map">
    <!--
      WARNING - @mbg.generated
      This element is automatically generated by MyBatis Generator, do not modify.
      This element was generated on Sun Jan 29 14:19:40 CST 2017.
    -->
    update task_history_log_error
    set id_ = #{record.id,jdbcType=BIGINT},
      site_url_ = #{record.siteUrl,jdbcType=VARCHAR},
      task_url_ = #{record.taskUrl,jdbcType=VARCHAR},
      task_type_ = #{record.taskType,jdbcType=VARCHAR},
      status_ = #{record.status,jdbcType=SMALLINT}
    <if test="_parameter != null">
      <include refid="Update_By_Example_Where_Clause" />
    </if>
  </update>
  <update id="updateByPrimaryKeySelective" parameterType="com.ys.model.TaskHistoryLogError">
    <!--
      WARNING - @mbg.generated
      This element is automatically generated by MyBatis Generator, do not modify.
      This element was generated on Sun Jan 29 14:19:40 CST 2017.
    -->
    update task_history_log_error
    <set>
      <if test="siteUrl != null">
        site_url_ = #{siteUrl,jdbcType=VARCHAR},
      </if>
      <if test="taskUrl != null">
        task_url_ = #{taskUrl,jdbcType=VARCHAR},
      </if>
      <if test="taskType != null">
        task_type_ = #{taskType,jdbcType=VARCHAR},
      </if>
      <if test="status != null">
        status_ = #{status,jdbcType=SMALLINT},
      </if>
      <if test="errorInfo != null">
        error_info_ = #{errorInfo,jdbcType=LONGVARCHAR},
      </if>
    </set>
    where id_ = #{id,jdbcType=BIGINT}
  </update>
  <update id="updateByPrimaryKeyWithBLOBs" parameterType="com.ys.model.TaskHistoryLogError">
    <!--
      WARNING - @mbg.generated
      This element is automatically generated by MyBatis Generator, do not modify.
      This element was generated on Sun Jan 29 14:19:40 CST 2017.
    -->
    update task_history_log_error
    set site_url_ = #{siteUrl,jdbcType=VARCHAR},
      task_url_ = #{taskUrl,jdbcType=VARCHAR},
      task_type_ = #{taskType,jdbcType=VARCHAR},
      status_ = #{status,jdbcType=SMALLINT},
      error_info_ = #{errorInfo,jdbcType=LONGVARCHAR}
    where id_ = #{id,jdbcType=BIGINT}
  </update>
  <update id="updateByPrimaryKey" parameterType="com.ys.model.TaskHistoryLogError">
    <!--
      WARNING - @mbg.generated
      This element is automatically generated by MyBatis Generator, do not modify.
      This element was generated on Sun Jan 29 14:19:40 CST 2017.
    -->
    update task_history_log_error
    set site_url_ = #{siteUrl,jdbcType=VARCHAR},
      task_url_ = #{taskUrl,jdbcType=VARCHAR},
      task_type_ = #{taskType,jdbcType=VARCHAR},
      status_ = #{status,jdbcType=SMALLINT}
    where id_ = #{id,jdbcType=BIGINT}
  </update>
</mapper>